place,country,google_maps_url,description,region,place_type,blog_source,romance,family,cost,nature,adventure,culture,food,relaxation,service,accessibility,description_count,last_updated
10-Mile Gallery,China,https://surl.amap.com/1koZnosr7hL,"The second option is to hike down from Helong Park, the first stop on our route. This trail takes about 2.5 hours and leads to the , a beautiful area surrounded by stunning sandstone spires. Hiking here allows you to admire the formations from the ground rather than from above.",,,,3,5,4,10,10,2,0,7,0,6,1,2026-04-08
20 CNY viewpoint,China,https://surl.amap.com/1lvDdgVT4330,"Here, you will also find one of the most popular photo spots, the , where you can get that iconic photo of the karst mountains with the river as featured on the 20 CNY banknote. There is a dedicated spot to take that photo, but you have to pay for it. Don't, as you can get the exact same view next to it or from the balcony located on the second floor of the pier for free.",,,,2,3,4,7,7,3,0,7,7,8,1,2026-04-08
72 Strange Buildings,China,https://surl.amap.com/IDEfULG6ezp,"One of the weirdest and most surprising attractions I visited in Zhangjiajie is , also known as the 72 Wonder Towers, a large cultural and tourism complex where you can see all kinds of lights and sounds shows throughout the day. It is a great place to visit at night if you are looking for a place to hang out in Zhangjiajie after sundown.",,,,5,6,2,9,7,8,0,8,3,6,1,2026-04-08
99 Bends Road,China,https://surl.amap.com/3ThbeO7fxaFT,"While at the Middle Station, be sure to look over the cliff and check out , a winding mountain road that stretches over 10 km and rises from roughly 200 meters above sea level to about 1,300 meters, with a total elevation gain of a whopping 1,100 meters.",,,,2,4,2,10,9,0,0,6,0,5,1,2026-04-08
A-Ma Temple,China,,"A little further south from Mandarin's House, you will find , one of Macau’s oldest and most famous temples, dating back to 1488. The temple has several shrines at different levels along the rocky hillside, so be sure to hike all the way to the shrine at the top!",,,,2,5,2,7,6,10,0,6,3,10,1,2026-04-08
Aberdeen Fish Ball King,China,,"For dinner, I highly recommend trying the fish ball noodles from . They have several branches around Hong Kong, and I visited the one near my hotel in Fortress Hill, and it was great. Find the branch closest to your accommodation and give it a try before calling it a day.",,,,2,0,6,2,1,4,6,3,2,0,1,2026-04-08
Anshun East Bus Station,China,https://surl.amap.com/AxHgdsF1ffD9,"From Ashun, you will find regular tourist buses running from  to Huangguoshu Scenic Area. The ride takes about 40–50 minutes and costs around 25 CNY one-way. You can also use Didi or find a carpool to take you there for around 85 - 100 CNY and 35 CNY respectively.",,,,0,2,2,7,4,1,0,5,7,10,1,2026-04-08
Anshunxi Railway Station,China,https://surl.amap.com/frL4xJTY2l0,"From Guiyang, you can take a high-speed train from Guiyang North Railway Station to , which should take about 30 minutes and cost 47 CNY. You can book the train here.",,,,5,5,10,5,5,5,5,5,5,5,1,2026-04-08
Ao Pu Restaurant,China,,"You can also stop by  for lunch, which is one of my favorite local restaurants located not too far from Senado Square, tucked away in a basement of a small street, and they serve all kinds of local dishes like spicy beef noodles, brisket sandwiches, egg tarts, and more.",,,,1,4,8,1,2,7,10,5,8,6,1,2026-04-08
Arhats Cave,China,https://surl.amap.com/XNng9jPGfLR,"After taking photos of the reclining Buddha image, you can turn left along the river to visit , where you will be surrounded by countless Buddha carvings and sculptures. You can continue through the cave and follow the route until you arrive at another cave, where all the cool Buddha images are, as well as a connection to the Giant Buddha you are here to see.",,,,3,5,4,8,7,10,0,7,0,6,1,2026-04-08
Arrow Bamboo Lake,China,https://surl.amap.com/1U1J5b8D647U,"After a short ride from Swan Lake, you will arrive at  and its beautiful waterfall. The lake sits at an altitude of about 2,629 m and covers roughly 151,000 m². The lake is relatively shallow (around 5–10 m deep) and is known for its stable water level throughout the year; it doesn’t fully freeze even in winter.",,,,5,6,4,10,6,4,0,8,0,7,1,2026-04-08
Bailong Elevator,China,https://surl.amap.com/3w1nad1A7wT,"There are countless viewpoints along the way, and you could easily spend at least an hour or two exploring Yuanjiajie Mountain alone. When you reach the end of the trail, you have a few options for getting down. The fastest way is to take the , which is quick but often crowded. However, this means you might miss one of the best parts of Zhangjiajie: the peaceful trails where you can hike down and escape the crowds.",,,,2,4,4,10,10,0,0,7,2,7,1,2026-04-08
Baisha Ancient Town,China,https://surl.amap.com/yFNhGyD2XY,"Lijiang Old Town is quite commercialized and if you prefer a more rustic and authentic looking old town, I highly recommend you come and check out , one of the oldest Naxi settlements in the region located about 20 minutes' drive north of Lijiang Old Town. It was the political and cultural center of the Naxi people for centuries, and served as the base for the Mu chieftain family long before the rise of Dayan (Lijiang) as the dominant town.",,,,0,4,2,3,4,10,0,5,5,8,1,2026-04-08
Bamboo Raft,China,https://surl.amap.com/1aQPb7ch1wduV,"Another fun activity you can do in Yangshuo is to hire a  and explore the Yulong River, which is smaller than the Li River and a bit more peaceful. There are several routes you can take but the most popular one is from Shui'edi Pier to Gongnong Bridge, which I recommend you do.",,,,3,5,2,10,6,1,0,7,0,7,1,2026-04-08
Baxiandong Wharf,China,https://surl.amap.com/1lJoYgG1A3Ho,"To take the cruise along the river to see the Giant Leshan Buddha, you can buy the ticket and board the boat from . The boat operates from 7:30 AM to 6:30 PM, and it will take you about 30 minutes with a photo stop at the Giant Leshan Buddha for you to take photos. It should cost around 80 CNY per person, and you can get the ticket from the wharf.",,,,0,3,4,5,6,4,0,7,10,10,1,2026-04-08
Bitahai Lake,China,https://surl.amap.com/LOwUSpv1aaGD,"The last stop is . The bus will need to backtrack to the entrance and take another route around the mountain, so be sure not to get off at the first stop. Once you arrive, you will walk along an elevated walkway for about 15 minutes to reach the lake.",,,,1,2,2,9,9,0,0,6,2,6,1,2026-04-08
Black Dragon Pool Park,China,https://surl.amap.com/vZgqn0R1m8Gh,"One of the most photogenic viewpoints near Lijiang Old Town that you shouldn't miss is from , a beautiful park famous for its crystal-clear lake that perfectly reflects the Jade Dragon Snow Mountain on clear days.",,,,7,7,2,10,6,2,0,9,0,7,1,2026-04-08
Blue Moon Valley,China,https://surl.amap.com/2eQpOds8195,"As you explore Yulong Snow Mountain, be sure to also visit , located at the foot of the mountain. You can easily reach there from Yulong Cable Car Station via a free shuttle bus inside the park.",,,,5,5,10,5,5,5,5,5,5,5,1,2026-04-08
Blue Sky Hotel,China,https://surl.amap.com/yyaRNM51dc5V,"By Plane: Lijiang Sanyi International Airport (LJG) is the main gateway into the city. Direct flights operate from major Chinese cities such as Kunming, Chengdu, Chongqing, Guangzhou, Beijing, and Shanghai. From the airport, it takes about 30 to 40 minutes to reach Lijiang Old Town by taxi or DiDi. There is also an airport shuttle bus that runs to Lijiang Old Town and .",,,,1,1,4,0,1,2,0,3,5,10,1,2026-04-08
Bonsai Pond,China,https://surl.amap.com/LdPAAwN1lcgJ,"Located at an altitude of 3,320 meters, you will find , another cool spot you can check out while hiking up the Huanglong Scenic Area. The pond embankment follows the contours of the tree roots and the natural terrain, with the embankment connecting seamlessly to the banks and the flowing water, which cascades in layered terraces.",,,,5,6,2,10,9,2,0,8,0,7,1,2026-04-08
Booking.com,China,,"Accommodation: Trip.com, and  are the ultimate go-to platforms to search for amazing hostels and hotels at affordable prices.",,,,5,5,10,5,5,5,5,5,5,5,1,2026-04-08
Cangshan Mountain,China,https://surl.amap.com/tIxVYiFA22l,"One of the highest areas you can explore to acclimatize yourself with the high altitude of Dali is , a majestic mountain range rising over 4,000 meters above sea level, located just west of Dali City. You can easily access it via the cable car station.",,,,4,6,2,10,10,0,0,8,0,7,1,2026-04-08
Chadianzi Bus Station,China,https://surl.amap.com/wUYE5Ih188OJ,"By Bus: Before the high-speed train, you used to have to take the grueling 8 - 10 hour bus ride from Chengdu to visit Huanglong and Jiuzhaigou. Well, you can still do it today if you are looking to save a bit of money and have time to spare. The buses depart from  and take around 8 to 10 hours, depending on traffic and road conditions. Make sure when you buy your ticket that the bus goes to Songpan, not Jiuzhaigou, if you want to start in Huanglong. Once you arrive in Songpan, you can take a taxi for another hour to get to Huanglong. Personally, I wouldn't recommend it, but at least you know you have the option.

By Bus: Before the high-speed train, you used to have to take the grueling 8 - 10 hour bus ride from Chengdu to visit Jiuzhaigou. Well, you can still do it today if you are looking to save a bit of money and have time to spare. The buses depart from Xinnanmen Bus Station or  and take around 8 to 10 hours, depending on traffic and road conditions. Make sure when you buy your ticket that the bus goes all the way to Jiuzhaigou Valley, not just to Jiuzhaigou County, which is further away. I wouldn't recommend it personally, but at least you know you have the option.",,,,0,0,4,0,5,1,0,2,1,7,2,2026-04-08
Chengdu East,China,https://surl.amap.com/QNNRPu1xdxu,"By High-Speed Train: Another excellent way to reach Chengdu is by high-speed train. The city is well connected to China’s extensive rail network, making train travel fast, comfortable, and scenic. High-speed trains from Chongqing take around one hour, from Xi’an about three hours, and from Beijing or Shanghai roughly eight to ten hours. Trains arrive at one of several major stations, including  and Chengdu South, both of which are linked to the metro system.

By High-Speed Train: High-speed trains depart from , Chengdu South, and Chengdu West Stations, arriving at Leshan Railway Station. Once you arrive, you can take a local bus or taxi to the Leshan Giant Buddha Scenic Area. A Didi ride takes about 20 minutes, while the bus takes around 40 minutes depending on traffic.",,,,0,1,4,4,6,2,0,4,4,10,2,2026-04-08
Chengdu East Railway Station,China,https://surl.amap.com/QNNRPu1xdxu,"To get to Leshan, you can easily catch one of the many trains from  to Leshan Station. The journey takes about 45 minutes and costs around 65 CNY. You can book the train here. Unlike Jiuzhaigou, you do not need to book in advance, as there are plenty of trains throughout the day and the site does not get as crowded. Entry tickets can be purchased at the entrance or online here.

By Train: One of the most popular ways to get to Huanglong is to take a high-speed train from Chengdu. You can take a train from  to Huanglong–Jiuzhai Railway Station, which takes about two hours. Be sure to book your train tickets together with your Jiuzhaigou entrance ticket at least three days in advance if you are planning to go to Jiuzhaigou as well, as both sell out very quickly. You do not want to secure your park ticket but then find that the trains are fully booked, leaving you without a way to get there and back.",,,,0,1,4,0,2,2,0,2,6,8,2,2026-04-08
Chengdu Museum New Hall,China,https://surl.amap.com/knG44Sg00R,"Right next to Tianfu Square, you will find , a history museum opened in 2016, famous for its huge collection of nearly 200,000 relics and cultural objects, displayed in a way to help you trace the history of Chengdu and Sichuan from the Neolithic age all the way to modern times.",,,,0,3,2,0,4,10,0,3,4,8,1,2026-04-08
Chengdu South,China,https://surl.amap.com/AkK6LvLj70Q,"By High-Speed Train: Another excellent way to reach Chengdu is by high-speed train. The city is well connected to China’s extensive rail network, making train travel fast, comfortable, and scenic. High-speed trains from Chongqing take around one hour, from Xi’an about three hours, and from Beijing or Shanghai roughly eight to ten hours. Trains arrive at one of several major stations, including Chengdu East and , both of which are linked to the metro system.

By High-Speed Train: High-speed trains depart from Chengdu East, , and Chengdu West Stations, arriving at Leshan Railway Station. Once you arrive, you can take a local bus or taxi to the Leshan Giant Buddha Scenic Area. A Didi ride takes about 20 minutes, while the bus takes around 40 minutes depending on traffic.",,,,0,0,4,4,6,2,0,4,4,10,2,2026-04-08
Chengdu Tianfu International Airport,China,,"By Air: Chengdu is one of the major transportation hubs in western China, so getting here is easy whether you are traveling domestically or internationally. Most travelers arrive by air through , the city’s main gateway.

By Air: Chengdu is the place I recommend you stay while you make a day trip to visit Leshan. Getting to Chengdu is easy since it is one of the major transportation hubs in western China, and you should be able to find flights here whether you are traveling domestically or internationally. Most travelers arrive by air through , the city’s main gateway.",,,,1,0,4,0,2,4,0,2,4,10,2,2026-04-08
Chengdu West Stations,China,https://surl.amap.com/M0I2I6J1wbE0,"By High-Speed Train: High-speed trains depart from Chengdu East, Chengdu South, and , arriving at Leshan Railway Station. Once you arrive, you can take a local bus or taxi to the Leshan Giant Buddha Scenic Area. A Didi ride takes about 20 minutes, while the bus takes around 40 minutes depending on traffic.",,,,0,1,4,6,8,1,0,5,5,9,1,2026-04-08
Chengdu’s Xinnanmen Bus Station,China,https://surl.amap.com/hqKEkMvW5T9,"By Bus: Direct buses also run from  to Leshan, but they are slower and less convenient. The ride usually takes 2 hours or more, so this option is only recommended if train tickets are sold out.

If you have time to spare and prefer to acclimatize as you go as well as save some money, you can take a long and winding overland journey from Chengdu to Daocheng. The bus typically leaves at 6:30 AM from  to Daocheng and should take about 12 - 15 hours. Once in Daocheng, you can switch to a second bus to Shangri-La Town. Be sure to confirm the time and get the ticket the day prior.",,,,2,2,7,4,4,2,2,4,2,6,2,2026-04-08
Chonggu Temple,China,https://surl.amap.com/4hg8IS1n1ME,"After resting for a bit, you can walk to  and explore the temple grounds. It is a beautiful Tibetan-style monastery with a stunning courtyard where you can see the iconic white exterior of the monastery set against the snow-capped mountains of Yading. This is also where you can begin your last hike in Yading, the hike to Pearl Lake.",,,,6,6,2,10,6,9,0,9,0,5,1,2026-04-08
Chongsheng Temple and the Three Pagoda Cultural Area,China,https://surl.amap.com/tOi6Z1rJ4pe,"One of the most iconic landmarks in Dali is , located just a short Didi ride from Dali Ancient Town. This historic complex is famous for its three ancient independent pagodas, arranged in an equilateral triangle, which are among the oldest and best-preserved in Yunnan.",,,,3,5,2,5,4,10,0,7,2,9,1,2026-04-08
Chunxi Road,China,https://surl.amap.com/am9PvGZh9dH,"is Chengdu’s most famous shopping street and a must-visit for those looking to experience the city’s modern vibe. Located in the city center, reachable by the metros, it is a bustling pedestrian street lined with shopping malls, international and local brands, boutiques, and plenty of street food stalls you can enjoy.",,,,4,6,4,0,3,9,7,8,9,8,1,2026-04-08
Dafo Temple,China,https://surl.amap.com/lHdr9stCf9n,"One of the most beautiful spots in Dukezong Ancient Town is , a large Tibetan Buddhist temple built on top of Guishan Park (Turtle Hill Park) overlooking the entire city. It is the perfect place to begin your exploration of the ancient town and also get a panoramic view of the city from above.",,,,5,5,2,10,6,9,0,8,0,7,1,2026-04-08
Daguantai Bus Stop,China,https://surl.amap.com/5D86Tr7rdnU,"After Helong Park, you can head over to the same shuttle bus stop and get on another one to go to Yangjiajie Mountain. After about 20 minutes, the shuttle bus will stop first at , which is where all the accommodations inside the park are. Do not get off here as there is not much to see except a few accommodations and maybe one or two viewpoints that are not particularly impressive.",,,,1,4,6,10,8,3,1,9,4,9,1,2026-04-08
Dali Airport (DLU),China,https://surl.amap.com/1Mfl81Y1i3df,"By Plane: Dali has its own airport, , located about 30 minutes from Dali City. There are regular flights from major Chinese cities like Kunming, Chengdu, Guangzhou, and Beijing. From the airport, you can take a Didi or airport shuttle to Dali City or nearby towns like Dali Ancient Town.",,,,1,2,4,1,2,3,0,3,5,10,1,2026-04-08
Dali Ancient City Visitors Center,China,https://surl.amap.com/11O31fYhefVr,"The park is open from 8:30 AM to 10 PM daily, and the entry fee is 38 CNY per person. You can buy the ticket at the entrance or get it online here. There is also a shuttle bus that costs 4 CNY departing from  departing between 9 AM and 4 PM daily, and you can book the shuttle bus here.",,,,0,1,6,0,3,1,0,3,7,10,1,2026-04-08
Dali Ancient Town,China,https://surl.amap.com/u0YHUhnnfnn,"Of course, when you are in Dali, you gotta visit , a town with a long and rich history having served as the capital of both the Nanzhao Kingdom and the Dali Kingdom. Today, the place has been converted into a commercialized town like many other ancient villages in China, but it still preserves much of its traditional Bai architecture which is wonderful to explore.",,,,3,4,2,1,3,10,0,6,5,7,1,2026-04-08
Dali North Bus Station,China,https://surl.amap.com/Zw9YrQlcPF,"This Bai ethnic village is located remotely in the mountains, which is why it still retains its authenticity. The only way to get there is by road, which is about 2-3 hours by car from Dali Ancient Town or 4-5 hours by public buses and minivan. These leave from , and you will have to transfer to a minivan in Jianchuan.",,,,0,1,2,3,4,6,1,4,7,9,1,2026-04-08
Dali Railway Station,China,https://surl.amap.com/AQZFJzG1u8fz,"By Train: Dali is accessible by high-speed and regular trains. The  is well connected to Kunming and other parts of Yunnan. For those who are already in the southern part of China, this is the best way to get here. You can book the train here.",,,,0,1,2,1,3,2,1,3,5,10,1,2026-04-08
Daocheng Town’s bus station,China,https://surl.amap.com/SZpsRJvlbPi,"In case there happens to be a taxi waiting at the airport, you might be able to catch one to , where you can transfer to the bus to Shangri-La (Riwa). The bus typically departs twice a day, around 10:00 and 14:00. Keep in mind that schedules can change and taxis may not always be available at the airport. Personally, I wouldn’t risk relying on this option just to save a few bucks.",,,,0,1,4,0,0,0,0,1,2,9,1,2026-04-08
Daocheng Yading Airport (DCY),China,https://surl.amap.com/PxIaIM9Ua2B,"The fastest and most convenient way is to fly into , one of the highest airports in the world at 4,411 meters above sea level. You can find direct flights from major cities like Chengdu, Chongqing, and Kunming. The flight should take between 1 - 2 hours and cost around 261 USD. You can book the flight here.",,,,0,1,2,0,2,1,0,2,4,9,1,2026-04-08
Diqing Shangri La Airport,China,https://surl.amap.com/2zgb7ub5px,"By Air: The quickest way to arrive is by flying into , located about 5 km from the city center. There are direct flights from major cities like Kunming, Lijiang, Chengdu, Chongqing, Guangzhou, and sometimes Beijing or Shanghai depending on the season. Once you land, taxis and airport buses can take you into town in around 15 minutes.",,,,0,1,4,0,2,2,0,1,3,10,1,2026-04-08
Doupotang Waterfall,China,https://surl.amap.com/Rbkw31b90Pv,"After you are done with the Grand Waterfall Area, you can take a shuttle bus to , which is located downstream towards the entrance of the park. This is a smaller, but equally charming waterfall within the Huangguoshu Scenic Area and you can walk on its elevated path that runs along the river all the way to the waterfall.",,,,5,7,2,10,8,2,0,9,2,7,1,2026-04-08
Dukezong Ancient Town,China,https://surl.amap.com/1qC3YBn13aVo,"is the ancient old town of Shangri-La that dates back more than 1,300 years, with origins traced as far back as the Tang dynasty. Historically, Dukezong was an important stop on the Ancient Tea Horse Road, the trade route that connected Yunnan with Tibet and beyond.",,,,2,5,2,6,7,10,2,7,8,8,1,2026-04-08
East Gate Tower,China,https://surl.amap.com/1duQlTTm7bV,"You can start your visit from the , the oldest and most popular of the three remaining gates. From there, you can climb the tower and access the old walls. Once on the walls, you can enjoy views of the cobblestone streets below, which are especially enchanting in the evening. Entry to the tower itself costs 5 CNY, but walking along the walls does not require a fee.",,,,3,5,4,6,8,10,0,7,6,8,1,2026-04-08
East Gate of Zhangjiajie Park,China,https://surl.amap.com/wdjtBxO1s4Dy,"To help you navigate the park more easily, I am going to list everything in the order I visited, so you can follow along as we make our way through the park. We’ll begin by taking the cable car up to Tianzi Mountain, which you can do right after entering the .

First and foremost, be sure to get the entry ticket and the cable car ticket prior to your arrival at the gate so you can scan your passport and go right in. You can book both tickets from here. Since Wulingyuan is on the , you can walk there in about 5 minutes and be the first to enter the park.",,,,0,3,3,8,9,2,0,6,4,8,2,2026-04-08
Eastern Suburb Memory,China,https://surl.amap.com/2rkM9Wx1e0EC,"is one of my favorite areas to visit in Chengdu. It is a former industrial zone, once home to the state‑owned Hongguang Electronic Tube Factory, that has been transformed into one of Chengdu’s most creative and cultural hotspots.",,,,6,6,2,1,3,10,3,9,10,8,1,2026-04-08
Elephant Trunk Hill,China,https://surl.amap.com/1btitJTf1m8mK,"Another popular, albeit extremely crowded, attraction you should also check out while you are in Guilin City is , one of Guilin’s most famous landmarks, which is named after its distinctive shape that resembles an elephant dipping its trunk into the Li River. It is located right next to Sun and Moon Pagodas, so naturally, it is a great place to drop by.",,,,4,6,2,10,7,7,0,8,2,6,1,2026-04-08
Erhai Lake,China,https://surl.amap.com/uDdwBNr16eY0,"One of the main highlights of visiting Dali is experiencing the beautiful , which feels more like being in Europe than in China. This stunning freshwater lake stretches approximately 42 kilometers from north to south and about 7 kilometers at its widest point. It is the second-largest highland lake in Yunnan and is a key feature that makes Dali stand out from other places in the province.",,,,5,6,2,10,7,1,0,9,1,8,1,2026-04-08
Fairy Scattering Flower Mountains,China,https://surl.amap.com/4wTdo5rbt7b7,"On the opposite side, you will find the , which faces east and is a perfect spot to catch a stunning sunrise if you arrive early enough. Many photographers gather here in the morning to capture the dramatic sunrise views.",,,,3,2,2,10,8,2,0,7,0,4,1,2026-04-08
Fenghuang Ancient Town,China,https://surl.amap.com/6OVy0HPUfO5,"Due to its close proximity to Zhangjiajie, many travelers visiting the area also stop by , a wonderful riverside ancient city, for a night before or after their trip to Zhangjiajie. Here, you can explore the beautiful wooden stilt houses, take a peaceful walk along the river, and admire the ancient city at night when the entire river is illuminated with lanterns and lights.

On your third day, you can start a bit later to recover from the previous night before taking the high-speed train from Zhangjiajie West Railway Station to , a charming riverside town just about 25 minutes away. Here, you can explore the beautiful wooden stilt houses, enjoy a peaceful walk along the river, and admire the city at night when the entire riverside is illuminated with lanterns and lights.",,,,6,6,3,10,6,6,2,10,2,4,2,2026-04-08
Fenghuang Ancient Town Station,China,https://surl.amap.com/8fEbxz3zaFY,"The town is served by China's high-speed rail network via , and you should be able to get here from most major cities like Zhangjiajie City, Chengdu, Chongqing, and more.",,,,5,5,10,5,5,5,5,5,5,5,1,2026-04-08
Fenghuang Railway Station,China,https://surl.amap.com/8wHX8AJ1qcpk,"To return, you can head back to the square and check the schedule for the next shuttle. However, if you stay late to enjoy the lights at night, it may be best to use Didi to get to  so you do not miss your train back.",,,,0,0,2,1,2,0,0,1,3,7,1,2026-04-08
Five Flower Lake,China,https://surl.amap.com/2G4GgbmJD6jm,"Next up is , the most beautiful multi-colored lake in Jiuzhaigou in my opinion, and definitely the highlight of my trip here. It sits at an altitude of about 2,472 m. The lake is relatively shallow (around 5 m deep) and covers roughly 90,000 m². Its magical, multicolored water comes from a combination of calcium‑carbonate deposits, algae, and submerged water plants.",,,,6,7,2,10,6,3,0,8,2,9,1,2026-04-08
Five Ladies Expedition Rocks,China,https://surl.amap.com/69IdC0dp4X7,"Afterwards, you can continue along the cliffside path, taking in stunning views such as the  and many others. One of my favorite viewpoints here is the Hallelujah Mountain, which inspired the dreamy landscapes in the movie Avatar. The solitary vertical pillar rising amidst the picturesque scenery is truly a sight to behold.",,,,7,6,2,9,7,4,0,9,0,4,1,2026-04-08
Five-Color Lake,China,https://surl.amap.com/1uPbtTqp1g5CF,"It took me about 45 minutes to hike the steep section before arriving at the Qujiuzhaga Rest Stop and an intersection where you can choose to visit Milk Lake or . The trails are connected in a triangle shape, so you can choose either way and continue to the next one before the trail loops back to this intersection.",,,,1,3,2,10,9,3,1,7,2,6,1,2026-04-08
Five-Colored Pond,China,https://surl.amap.com/MZqYUyRA16M,"From the temple, it is only a few minutes' walk to the , arguably the most beautiful attraction in Huanglong Scenic Park. The pool sits high in the valley at about 3,576 meters above sea level and is considered the largest and highest outdoor travertine pond cluster in the world. It is also one of the most surreal sights in China, a place that made me wonder, ""How is this even real?""",,,,6,7,2,10,6,2,0,8,0,7,1,2026-04-08
Forest Sightseeing Cable Car,China,https://surl.amap.com/3rg2vtf1A4yb,"From Yunmeng Fairy Peak, you can either hike the longer route to Tianmen Temple or take the , an open-air, ski-style cable car that lets your feet dangle over cliffs and mountains. Riding it is an exciting experience in itself, in my opinion, and I highly recommend it.",,,,3,7,2,10,10,1,0,7,2,8,1,2026-04-08
Gateway to Heaven,China,https://surl.amap.com/8mwKOR97ln,"One of the most iconic features of Tianmen Mountain, which is probably the main reason why many travelers decided to visit, is the natural arch carved into the cliff face called Tianmen Cave, or popularly known as the “”. This enormous rock‑arch stands about 131.5 metres tall and around 57 metres wide, making it one of the largest natural arches at high altitude in the world.",,,,3,6,2,10,9,5,0,7,0,7,1,2026-04-08
Giant Buddha North Gate,China,https://surl.amap.com/1KR8BBctc9L,"If you prefer to skip the Oriental Buddha Park, you can take a taxi directly to the  and pay only 80 CNY for the Giant Buddha ticket. You can also buy tickets online here before your arrival. Be sure to bring your passport when purchasing or collecting tickets.",,,,0,0,4,0,2,2,1,1,2,7,1,2026-04-08
Giant Panda Research Base,China,https://surl.amap.com/1yvwPbc1wbdv,"Of course, when you visit Chengdu, one of the few pandas' natural habitats, you gotta come and see the Giant Pandas with your own eyes, and one of the best places to do so is at , located about 10 kilometers north of downtown Chengdu.",,,,2,6,4,10,9,7,1,7,5,7,1,2026-04-08
Glass Skywalk,China,https://surl.amap.com/lD4SKA1Z47j,"Another exciting activity is walking the , a transparent walkway that clings to the cliff face, allowing you to look straight down at the valleys hundreds of meters below. It’s definitely not for the faint of heart.",,,,2,4,2,9,9,0,0,6,0,4,1,2026-04-08
Glowing Waterfall,China,https://surl.amap.com/KKBzpU549Zy,"As you follow the winding boardwalk upward, you will come across the , a stunning cascade where water tumbles down a rocky ledge about 10 meters high and 60 meters wide. It forms dozens of tiered waterfalls that shimmer like silver pearls rolling down, resembling a sparkling curtain of water suspended high above.",,,,6,8,2,10,9,1,0,8,0,5,1,2026-04-08
Golden Whip Stream,China,https://surl.amap.com/6pK6ZuR1c7k8,"For those who want to hike down, make sure you have at least 2–3 hours to spare, as it will take that long to descend the mountain. You can choose between two trails. One is the , a beautiful path that follows a peaceful river, with pavilions along the way where you can rest. This route starts right at the end of Yuanjiajie Mountain, making it perfect if you are following my suggested route beginning with the cable car.",,,,2,5,2,10,9,0,0,8,1,6,1,2026-04-08
Gongacuo Lake,China,https://surl.amap.com/1qiN8bb32ct3,"From Luorong Cattle Farm, you have the option to begin hiking the main trail or hire a horse for 300 CNY per person to take you to , which is roughly halfway to Milk Lake and Five-Color Lake. In my opinion, this is unnecessary, as the trail from the cattle farm to  is flat, scenic, and enjoyable, and you would miss much of it if you take the horse.",,,,0,5,4,10,8,2,0,7,5,8,1,2026-04-08
Grand Waterfall Scenic Area,China,https://surl.amap.com/NA3zu8R144Ke,"First and foremost, I recommend starting your visit at the , home to the crown jewel of the park, the magnificent Huangguoshu Waterfall. After purchasing your ticket and entering the scenic area, take the shuttle bus from the ""Entrance to the  Carriage Way"" bus stop, which is located on the right-hand side.",,,,3,4,2,10,8,4,0,7,4,8,1,2026-04-08
Greatest Natural Bridge,China,https://surl.amap.com/f3SMHIZpaop,"The shuttle bus will drop you off at Tianqiao Bus Stop and from there, you can begin exploring Yuanjiajie Mountain starting with the , a rocky natural bridge that connects 2 mountain peaks together. On the peak, you will also find a temple where you can pay respect and enjoy all the viewpoints around the area.

The shuttle bus will drop you off at Tianqiao Bus Stop, and from there, you can begin exploring Yuanjiajie Mountain starting with the , a rocky natural bridge that connects 2 mountain peaks together with a vertical drop of a whopping 400 meters!",,,,4,6,2,10,10,6,0,7,4,7,2,2026-04-08
Guangzhou South Railway Station,China,,"From Guangzhou, you can take a high-speed train from  to Guilin North Railway Station. It costs around 20 USD and takes about 3 hours. You can book the ticket in advance here.",,,,5,5,10,5,5,5,5,5,5,5,1,2026-04-08
Guilin City,China,https://surl.amap.com/44EEg6li1wf,"After spending almost a week here, here’s my recommendation on where to stay in Guilin. First and foremost, you’ll need to get into  via high-speed train and stay at least one night. If you plan to visit the Longji Rice Terrace, consider staying two nights so you can take a day trip the next day. My recommended accommodations in  are listed below:

This itinerary begins in , which is well-connected by China’s high-speed rail network. High-speed trains run from major cities like Guangzhou, Shenzhen, Chengdu, and Shanghai, with travel times ranging from a few hours to overnight depending on your departure point.",,,,0,1,5,2,3,2,1,4,4,6,2,2026-04-08
Guilin Liangjiang International Airport,China,,"By Plane:  is the main gateway for flyers. The airport has frequent domestic flights from major cities like Beijing, Shanghai, Guangzhou, and Chengdu, as well as a few direct international flights from countries such as Thailand, Singapore, Malaysia, and South Korea. From the airport, it’s about 30 km to Guilin city center. You can take a taxi, which usually takes around 40–50 minutes, or hop on an airport shuttle bus for a more budget-friendly option.",,,,0,1,4,0,1,2,0,2,4,10,1,2026-04-08
Guilin North (Guilinbei) Station,China,,"By High Speed Train: Guilin is also well-connected by China’s high-speed rail network. High-speed trains arrive from cities like Guangzhou, Shenzhen, Chengdu, and Shanghai, with travel times ranging from a few hours to overnight depending on your departure point. The main high-speed hub is , while other stations serve different routes. You can book the ticket in advance here.

After taking the train from Guangzhou to Guilin, you will arrive at . From there, you can take public bus #22 to the city center for 2 CNY, which takes about an hour, or simply hail a Didi to go directly to your hotel.",,,,0,0,5,1,3,2,0,2,4,10,2,2026-04-08
Guiyang,China,,"After spending several days in Guilin, we will head to , the capital of Guizhou, one of China’s most underrated regions. We’ll use  as a base to explore the area’s stunning natural landscapes and rich cultural sites. The city itself is not particularly remarkable, but its slightly gritty character offers a glimpse of what life is like in a typical non-first-tier city in China.",,,,7,6,4,9,6,10,3,7,6,5,1,2026-04-08
Guiyang North Railway Station,China,https://surl.amap.com/qTP1Q0tJ6bS,"From Guiyang, you can take a high-speed train from  to Anshunxi Railway Station, which should take about 30 minutes and cost 47 CNY. You can book the train here.",,,,5,5,10,5,5,5,5,5,5,5,1,2026-04-08
Hallelujah Mountain,China,https://surl.amap.com/3bX6kLz4guA,"Afterwards, you can continue along the cliffside path, taking in stunning views such as the Five Ladies Expedition Rocks and many others. One of my favorite viewpoints here is the , which inspired the dreamy landscapes in the movie Avatar. The solitary vertical pillar rising amidst the picturesque scenery is truly a sight to behold.",,,,7,6,2,9,7,4,0,9,0,4,1,2026-04-08
Helong Park,China,https://surl.amap.com/55SETSd1h1kZ,"The main highlight of Tianzi Mountain is , which offers several incredible viewpoints where you can see some of the mountain’s most unique formations. One of the most famous is the Imperial Brush Peak, a pillar that resembles the tip of a paintbrush and looks especially surreal in the soft morning light.",,,,5,6,2,10,10,3,0,8,0,7,1,2026-04-08
Hongyao Stockaded Village,China,https://surl.amap.com/2ANZ2jRHs5Md,"Along the way, you will also stop at , home to the Yao ethnic minority. The village is famous for its well-preserved stilt houses and traditional wooden architecture. Interestingly, it is also the birthplace of the woman with the longest hair in China, who holds the Guinness World Record with hair measuring 5.627 meters (18 ft 5.54 in) as of May 2004.",,,,2,5,0,4,5,10,0,6,2,7,1,2026-04-08
Huanglong Temple,China,https://surl.amap.com/MR2PeQV1cdtt,"From Middle Temple, you can continue for another 15 minutes to reach the , a larger rest stop located just before the Five Colored Pool. It offers a much better view of the surrounding mountains compared to Middle Temple.",,,,3,5,4,9,7,8,0,8,1,6,1,2026-04-08
Huanglong–Jiuzhai Railway Station,China,https://surl.amap.com/sfs9aR6C01x,"To get here, you can take a train from Chengdu East Railway Station to , which takes about two hours. Be sure to book your train tickets together with your Jiuzhaigou entrance ticket at least three days in advance, as both sell out very quickly. You do not want to secure your park ticket but then find that the trains are fully booked, leaving you without a way to get there and back.

By Train: One of the most popular ways to get to Huanglong is to take a high-speed train from Chengdu. You can take a train from Chengdu East Railway Station to , which takes about two hours. Be sure to book your train tickets together with your Jiuzhaigou entrance ticket at least three days in advance if you are planning to go to Jiuzhaigou as well, as both sell out very quickly. You do not want to secure your park ticket but then find that the trains are fully booked, leaving you without a way to get there and back.",,,,0,0,4,0,2,0,0,2,2,8,2,2026-04-08
Imperial Brush Peak,China,https://surl.amap.com/fylpWw1A7KX,"The main highlight of Tianzi Mountain is Helong Park, which offers several incredible viewpoints where you can see some of the mountain’s most unique formations. One of the most famous is the , a pillar that resembles the tip of a paintbrush and looks especially surreal in the soft morning light.",,,,4,6,2,10,9,2,0,8,0,7,1,2026-04-08
Impression Lijiang,China,https://surl.amap.com/1IYbCVTQcWZ,"With the ticket I recommended, it also includes a ticket to see , an outdoor one-hour large-scale show performed by the local Naxi people, set against the dramatic backdrop of Yulong Snow Mountain.",,,,5,5,10,5,5,5,5,5,5,5,1,2026-04-08
Jianchuan,China,https://surl.amap.com/14IVQjrTK1AV,"This Bai ethnic village is located remotely in the mountains, which is why it still retains its authenticity. The only way to get there is by road, which is about 2-3 hours by car from Dali Ancient Town or 4-5 hours by public buses and minivan. These leave from Dali North Bus Station, and you will have to transfer to a minivan in .",,,,0,1,2,2,3,6,1,4,8,10,1,2026-04-08
Jinli Old Street,China,https://surl.amap.com/5qLcsJS6Dj,"Another must-visit historical district in Chengdu is . It is a more stylized, newly renovated area featuring beautiful lanterns and lights, plenty of recreational spaces such as a square with outdoor restaurants, live music, and more. The street is more focused on street food and shops rather than historic buildings, unlike Kuanzhai Alley. Both districts are worth visiting in my opinion.",,,,4,4,4,1,1,9,5,8,5,7,1,2026-04-08
Kaili South Railway Station,China,https://surl.amap.com/u3ShVWVgHo,"From Guiyang, you can take a high-speed train from Guiyang North Railway Station to , which should take about 30 minutes and cost 58 CNY. You can book the train here.",,,,5,5,10,5,5,5,5,5,5,5,1,2026-04-08
Kowloon-Canton Railway Clock Tower,China,,"You can come to the harbour about an hour before sunset and go check out some of the tourist attractions nearby like the , one of Hong Kong's iconic landmarks. Once you are done, you can go up the elevated bridge over the pier, find a place to sit, and enjoy the wonderful light shows at sunset.",,,,7,5,2,10,7,5,1,9,3,4,1,2026-04-08
Kuanzhai Alley Scenic Area,China,https://surl.amap.com/rCNhnFLSdeF,"Another great place to hang out at night is , one of the best-preserved traditional street districts in Chengdu, located in the Qingyang District not far from Tianfu Square.",,,,5,5,10,5,5,5,5,5,5,5,1,2026-04-08
Langde,China,https://surl.amap.com/wXvMXR791AM,"That said, like many places in China, Xijiang Village has become somewhat commercialized, and some travelers prefer smaller, more authentic villages such as  or Rongjiang. Even so, I still believe Xijiang is one of the most beautiful Miao villages and well worth a visit.",,,,3,4,6,7,4,8,1,7,4,6,1,2026-04-08
Lao Zhai Shan Hill,China,https://surl.amap.com/PbRMd4hR5fS,"Probably one of the most beautiful viewpoints in Guilin,  is a steep karst mountain located right next to Xingping Ancient Village. You can hike up to see the stunning Li River winding around the jagged peaks of Guilin's karst landscape.",,,,5,6,4,10,8,3,0,8,0,7,1,2026-04-08
Leshan Giant Buddha,China,https://surl.amap.com/q3SwavHy8Rn,"Another excellent day trip from Chengdu is a visit to the , one of Sichuan’s most iconic landmarks. The massive Buddha statue stands over 71 meters tall, making it the largest in the world, and is carved directly into a cliff face at the confluence of the Min, Dadu, and Qingyi Rivers.

From Oriental Buddha Park, you should be able to hike straight to , which is connected via a set of stairs that you will have to hike to get to. It's very long, and you should arrive at the viewpoint where you can see  from above in no time.",,,,2,4,3,10,8,5,0,6,0,7,2,2026-04-08
Leshan Railway Station,China,https://surl.amap.com/9HrR4kj1444m,"By High-Speed Train: High-speed trains depart from Chengdu East, Chengdu South, and Chengdu West Stations, arriving at . Once you arrive, you can take a local bus or taxi to the Leshan Giant Buddha Scenic Area. A Didi ride takes about 20 minutes, while the bus takes around 40 minutes depending on traffic.",,,,0,1,4,6,7,0,0,5,5,10,1,2026-04-08
Lijiang Old Town,China,https://surl.amap.com/r7vJ7lOcr7,"is the heart of the city and one of the best-preserved ancient towns in China. With its cobbled streets, traditional Naxi architecture, and flowing canals, it feels like you are stepping back in time. The town has a maze-like layout, full of narrow alleyways, small bridges, and quaint courtyards, and you never know what beautiful hidden corners lie beyond them. It’s truly a wonderful place to explore.",,,,9,7,4,6,5,10,4,10,6,3,1,2026-04-08
Lijiang Railway Station,China,https://surl.amap.com/IR8EdfSgHr,"By Train: Lijiang is also connected by high-speed trains. The most popular routes are from Kunming, which takes around three hours, from Dali, which takes one to one and a half hours, and from Shangri-La, which takes about one hour. Trains arrive at , located about 15 to 20 minutes from Old Town and you can get a Didi to your accommodation. You can book the train here.",,,,1,1,6,0,3,2,1,3,6,10,1,2026-04-08
Lijiang Sanyi International Airport (LJG),China,https://surl.amap.com/6vLS3A18eh0,"By Plane:  is the main gateway into the city. Direct flights operate from major Chinese cities such as Kunming, Chengdu, Chongqing, Guangzhou, Beijing, and Shanghai. From the airport, it takes about 30 to 40 minutes to reach Lijiang Old Town by taxi or DiDi. There is also an airport shuttle bus that runs to Lijiang Old Town and Blue Sky Hotel.",,,,0,1,6,2,3,3,0,4,7,10,1,2026-04-08
Lingbao Pagoda,China,https://surl.amap.com/2hApQe1kb92,"Once you arrive back at the top, you can spend the rest of your time exploring the temples and shrines around Giant Leshan Buddha like the beautiful , Lingyun Temple, and more. You can also go and take a cruise along the river to see the Giant Leshan Buddha from the river, if you have the time.",,,,3,5,2,8,8,10,0,7,2,7,1,2026-04-08
Lingyun Temple,China,https://surl.amap.com/19kIIm2d16bUp,"Once you arrive back at the top, you can spend the rest of your time exploring the temples and shrines around Giant Leshan Buddha like the beautiful Lingbao Pagoda, , and more. You can also go and take a cruise along the river to see the Giant Leshan Buddha from the river, if you have the time.",,,,3,6,4,9,8,10,0,7,1,7,1,2026-04-08
Longevity Palace,China,https://surl.amap.com/1avHiy1149HH,"Last but not least, be sure to visit the , located in the Shawan area just outside the East Gate of Fenghuang Ancient Town. The palace faces the river and is backed by hills, and you will immediately notice its iconic red building behind a tall pagoda as you enter the ancient town.",,,,3,4,0,7,5,10,0,4,0,7,1,2026-04-08
Longji Rice Terrace,China,https://surl.amap.com/Kcmjj3v1f9mu,"Last but not least, if you are looking for a great day trip to take from Guilin City, you are going to love . The place is another iconic attraction that is located about 2 - 3 hours away from Guilin City, with its beautiful rice paddies climbing up the slopes of the karst mountains in intricate layers.",,,,5,4,2,10,7,7,1,8,1,4,1,2026-04-08
Longtoshun Wharf,China,https://surl.amap.com/1r27r2zjc9Lf,"Once you arrive at the pier, your guide will purchase the ticket for you, and you can board the boat according to the boat and seat number provided. The boat usually departs around 10 AM, and you should arrive at  by 2 PM, making the journey approximately four hours, six hours in total including bus transfers and boarding.",,,,0,1,2,4,5,3,1,5,8,9,1,2026-04-08
Lotus Terrace Waterfall,China,https://surl.amap.com/KZ5dOdXgeGl,"The  is another beautiful waterfall you will encounter while hiking up the trail. It is located at around 3,240 to 3,270 meters above sea level, spans 167 meters in length, 19 meters in width, and has a vertical drop of 25 meters.",,,,3,7,2,10,10,0,0,7,0,7,1,2026-04-08
Luorong Cattle Farm,China,https://surl.amap.com/l1wnhNDbNX,"Once you arrive at , you will be greeted by beautiful open grasslands where horses and cattle roam freely, with the snow-capped peaks of Yading towering all around.",,,,5,5,10,5,5,5,5,5,5,5,1,2026-04-08
Macao Museum,China,,"The fort is surrounded by a beautiful park, and it’s just a short hike up from the Ruins of Saint Paul’s before you reach its formidable gate, making it a perfect stop after visiting the ruins. Inside the fort, you’ll also find the , where you can learn all about the fort’s history as you explore.",,,,1,4,2,8,7,10,0,6,3,8,1,2026-04-08
Macau International Airport (MFM),China,,"Since this itinerary begins in Macau, you can either fly directly to , which is served by airlines like AirAsia, which has great coverage in Asia.",,,,5,5,10,5,5,5,5,5,5,5,1,2026-04-08
Macau Outer Harbor,China,,"From Macau, you can take a high-speed ferry from the  to the Hong Kong Macau Ferry Terminal. From the city center, you can catch bus #3A to the , which takes about 25 minutes and costs 5 MOP/HKD. The ferry costs around 200 HKD and takes just under an hour. You can book your ticket in advance here.",,,,0,0,4,0,1,1,0,1,6,10,1,2026-04-08
Mandarin's House,China,,"In the afternoon, you can continue south, and you will find , a historic residential complex, once home to Zheng Guanying, a prominent 19th-century Chinese scholar and reformist, where you can stroll around and admire its beautiful decorations and artifacts.",,,,3,4,0,1,3,10,0,5,2,7,1,2026-04-08
Middle Station,China,https://surl.amap.com/3ThbeO7fxaFT,"One of the reasons I recommend choosing Route B over the others is the stunning view from the , especially if you arrive early in the morning. I highly recommend going early to avoid crowds and enjoy the best visibility, as fog tends to build up later in the day, especially during summer.",,,,3,2,2,9,7,1,0,7,0,5,1,2026-04-08
Middle Temple,China,https://surl.amap.com/MXPU7hD19bta,"After about two hours of hiking, you should arrive at the , an inaccessible temple that also serves as a rest stop. You can take a break here, as there are many seating areas and a few shops selling snacks to keep you going. Since it is so close to Huanglong Temple, the next stop, I suggest you push through this rest stop and rest at Huanglong Temple for a better view of the place.",,,,2,5,4,8,7,9,0,7,4,9,1,2026-04-08
Milk Lake,China,https://surl.amap.com/1uEG2b5T1ugZ7,"It took me about 45 minutes to hike the steep section before arriving at the Qujiuzhaga Rest Stop and an intersection where you can choose to visit  or Five-Color Lake. The trails are connected in a triangle shape, so you can choose either way and continue to the next one before the trail loops back to this intersection.",,,,1,3,2,10,9,2,1,7,2,7,1,2026-04-08
Mirror Reflection Pool,China,https://surl.amap.com/Lb683K1kayZ,"Next, you will find the , a smooth and beautiful pool located around 3,400 meters above sea level. The water is so calm and still that it earned the name , and you will find a collection of over 180 pools in this area.",,,,5,8,2,10,6,2,0,8,3,8,1,2026-04-08
Monte Fort,China,,"Located right next to the Ruins of Saint Paul's, you will find , a historic fortress built by the Portuguese in the early 17th century on top of a hill overlooking the entire old town area to protect Macau from invasions. Be sure to go and hike up to it in the morning when it is not too hot.",,,,3,4,2,10,8,10,0,6,0,7,1,2026-04-08
Moon Bay Parking Lot,China,https://surl.amap.com/43B2DUDap1GZ,"By Shuttle Service from Jiuzhaigou: If you decide to explore Jiuzhaigou on the first day and want to get to Huanglong from there, you can book a shuttle service here under ""Jiuzhaigou- Huanglong Attraction Shared Transfer"". It costs around 8 USD per person one-way, with departures from 7 AM to 1 PM almost every hour, usually from . Once you book, the travel agency will send you the exact pickup location and vehicle license plate via WeChat, so keep an eye out for the message.

The night before, I booked a shuttle service (the one listed under “Jiuzhaigou –Huanglong Attraction Shared Transfer”) for 8 USD. Around 9 PM, they sent me the pickup time, location, and the bus license plate. The next morning, I woke up early, headed to the pickup point at , and caught the 7 AM bus to Huanglong.

Getting Jiuzhaigou to Huanglong: After you are done exploring Jiuzhaigou on the first day, you can book a shuttle service here under ""Jiuzhaigou-Huanglong Attraction Shared Transfer"" and take it to Huanglong the next morning. It costs around 8 USD per person one-way, with departures from 7 AM to 1 PM almost every hour, usually from .",,,,0,0,5,1,2,1,0,2,5,9,3,2026-04-08
Moonlight Square,China,https://surl.amap.com/1qC3YBn13aVo,"If you time your visit to coincide with the evening gatherings, it is a unique opportunity to experience the warmth, rhythm, and traditions of Shangri-La firsthand that you can't find anywhere else in China but here, so be sure to come and check out Sifang Street Square and  after sundown.",,,,6,4,2,3,2,10,5,8,6,5,1,2026-04-08
Mu Fu Mansion,China,https://surl.amap.com/44bgFl2xKffo,"One of my favorite places in Lijiang Old Town has got to be , once the seat of the Mu family, the hereditary Naxi chieftains who ruled Lijiang for about 470 years through the Yuan, Ming, and Qing dynasties. It stands at the foot of Lion Mountain right at the center of Lijiang Old Town, and its architecture reflects not just Naxi traditions but also strong Han‑style palace design.",,,,4,5,2,3,3,10,0,8,6,8,1,2026-04-08
Nan Lian Garden,China,,"After you are done here, you can take the metro and go visit , a beautiful Chinese garden with stunning temples located in the Wong Tai Sin District that feels more like Japan than Hong Kong.",,,,5,5,10,5,5,5,5,5,5,5,1,2026-04-08
Nanhua Bridge,China,https://surl.amap.com/1KwZfTDo98Y,"When I visited, the lights were turned on around 6:30 PM, and I found the best view was , overlooking the entire town. People start gathering here and throughout the town to watch the lights come on, so be sure to be ready when it happens.",,,,4,4,2,7,3,5,1,8,2,4,1,2026-04-08
Naxi Embroidery Institute,China,https://surl.amap.com/19IWiWd3Deyr,"Beyond the murals, Baisha is also a living museum of Naxi culture. Its ancient streets are lined with traditional wooden and stone houses, old temples, and quiet courtyards. In the past, Baisha was a center for silk embroidery and traditional weaving, and nowadays you can visit the  to see skilled artisans at work.",,,,4,6,6,4,4,10,2,8,5,7,1,2026-04-08
No. 1 Wind & Rain Bridge,China,https://surl.amap.com/44XNozCAsc1d,"Some of the best views in the village are not found on the main street but along the river. If you want to explore this area, I highly recommend starting and ending at either  or No. 7 Wind & Rain Bridge. These are stunning old bridges with unique architectural designs, located at both ends of the village.",,,,5,4,2,9,6,10,0,8,0,5,1,2026-04-08
North Gate Wharf,China,https://surl.amap.com/fUIA0kFb9HF,"To go boating along the Tuojiang River, you can book your ticket here under ""Boat ticket."" You can choose a day cruise for 76 CNY or a night cruise for 138 CNY, and board from either the  or the Wanshou Wharf. The ride takes about 25 minutes. The day cruise runs from 8 AM to 5:50 PM, while the night cruise operates from 6:30 PM to 11 PM.",,,,0,2,2,7,7,2,0,6,9,10,1,2026-04-08
Nuorilang Waterfall,China,https://surl.amap.com/blnsy9ZRg8l,"is one of Jiuzhaigou’s most iconic sights and also one of the most crowded areas in the park. Located at an elevation of about 2,365 meters, it spans 320 meters in width and plunges roughly 24.5 meters. Its Chinese name comes from Tibetan, meaning “majestic and splendid”, which perfectly describes how I felt when I first saw it in person.",,,,5,5,2,9,8,7,0,8,2,8,1,2026-04-08
Old Town Waterwheel,China,https://surl.amap.com/axVXPZR8VU,"As I mentioned earlier, Lijiang Old Town is massive, and I almost missed visiting the , located right at the main entrance. I know 😅. In my defense, I didn’t enter from that side since my hotel was on the north side. It’s amazing to think that I nearly missed this beautiful town square, where many of the town’s events are held!",,,,4,4,4,1,4,10,2,5,6,9,1,2026-04-08
Oriental Buddha Park,China,https://surl.amap.com/7qiPkGI1uaYK,"For this itinerary, we are going to spend half a day not only visiting the Giant Leshan Buddha but also exploring , a lush green park full of incredibly beautiful and stunning rock-carving Buddha statues scattered across the mountains. This is where we will start this itinerary before we head over to the Giant Leshan Buddha.",,,,4,6,4,9,8,10,0,7,0,6,1,2026-04-08
Oriental Buddha Park East Gate,China,https://surl.amap.com/hBAziYpDgO0,"From Leshan Train Station, you can use Didi or a taxi to reach the , where you can purchase a combined ticket for both the Oriental Buddha Park and the Giant Leshan Buddha. The total cost is around 160 CNY.",,,,0,3,4,5,4,5,1,5,9,10,1,2026-04-08
Panda Lake,China,https://surl.amap.com/1S08RTKN9zf,"sits at around 2,587 m elevation and is another mirrored turquoise lake that is reachable on foot from Arrow Bamboo Lake so you do not need to take another bus to get to. You can stroll along its lakeside trail and it should take you all the way to  Waterfall, another must-see here.",,,,5,5,2,10,7,0,0,8,0,8,1,2026-04-08
Panxi S Bay,China,https://surl.amap.com/uDdwBNr16eY0,"By Cycling: Once you are near Erhai Lake, you can rent a bicycle from tourist hotspots around the lake like  and you can ride along its bank and enjoy the scenery. It should cost around 30-40 CNY to rent a bike for a day here.",,,,2,4,2,9,10,0,0,6,3,8,1,2026-04-08
Pearl Lake,China,https://surl.amap.com/1yGCHHQtMgfa,"After you have explored the beautiful Chonggu Temple, you can begin the hike to , which is the lowest holy lake in Yading at 4,100 meters above sea level and 0.75 acres formed by the melting snow on Xiannairi Mountain.",,,,3,6,2,10,8,6,1,7,2,5,1,2026-04-08
Performance Stage,China,https://surl.amap.com/ZyETgyl16dfS,"You can also attend the ""Beautiful Xijiang"" show to see many of these performances in one place at the . The show takes place every day at 11 AM, and ticket prices range from 80 to 150 CNY per person, depending on your seating choice in the theatre.",,,,2,4,4,0,3,8,1,5,6,8,1,2026-04-08
Potatso National Park,China,https://surl.amap.com/x9yNhY1166SW,"One of the best day trips you can take from Shangri-La is to visit , also known as Pudacuo National Park. This breathtaking nature reserve is located about 22 km northeast of Shangri-La at an elevation of roughly 3,500 meters, where beautiful alpine lakes, wetlands, forests, and grasslands are waiting for you to explore.",,,,5,7,2,10,8,1,0,8,0,8,1,2026-04-08
Prayer Wheel,China,https://surl.amap.com/iTbZrX211aFJ,"One of the most iconic landmarks you will see right away the moment you arrive at Dukezong Ancient Town is the massive gold-colored  located on top of Turtle Hill, right next to Dafo Temple. Standing at 21 meters high and weighing about 60 tonnes, it’s considered to be the largest prayer wheel of its kind in the world.",,,,3,5,2,10,8,9,0,7,0,7,1,2026-04-08
Qifeng Square,China,https://surl.amap.com/gUJRzQlP5gd,"There should be a clear sign as soon as you exit the terminal directing you to the shuttle bus area. You can buy a ticket from the kiosk inside the railway station, then proceed straight to the bus stop and board the shuttle. The ride costs about 7 CNY per person and drops you off at , from where you can walk to the ancient town.",,,,0,0,4,1,0,2,0,3,4,10,1,2026-04-08
Qujiuzhaga Rest Stop,China,https://surl.amap.com/1uN5Km9z1t4Zg,"It took me about 45 minutes to hike the steep section before arriving at the  and an intersection where you can choose to visit Milk Lake or Five-Color Lake. The trails are connected in a triangle shape, so you can choose either way and continue to the next one before the trail loops back to this intersection.",,,,2,3,4,10,9,3,1,7,2,6,1,2026-04-08
Rainbow Bridge,China,https://surl.amap.com/19avUu1GfkG,"Another bridge I really like is , which is likely the first bridge you will cross as it serves as a gateway between the newer part of the city and the old town. When I visited, the bridge was under renovation, but I was still able to walk across it and enjoy views of the lively shops and streets inside the old town.",,,,2,2,4,6,5,9,0,7,1,8,1,2026-04-08
Reed Lake,China,https://surl.amap.com/2ncrMa0u4kK,"After Shuzheng Village, you can stop by at , a beautiful lake known for its dense beds of reeds that sway gently in the wind. A clear, jade-colored brook, which is often called the “Jade Ribbon”, meanders through the reeds and divides the lake into two halves.",,,,7,9,4,10,5,3,0,9,2,8,1,2026-04-08
Reflection Pool,China,https://surl.amap.com/sS62Pqh1i5p0,"Right around the corner of the Three Pagoda, you will find the  where you can get that epic shot of the Three Pagodas reflecting on the calm water of the pool. Be sure to go there and take some photos before continuing to explore Chongsheng Temple Complex.",,,,3,3,2,8,7,9,0,7,3,7,1,2026-04-08
Rhinoceros Lake,China,https://surl.amap.com/2bCaBY8X4Sq,"After visiting the waterfall, you can take the shuttle bus to , located at the lower end of the Y. If time allows, you could instead take a shuttle from the Central Station to the other branch of the Y and explore sights like Long Lake and Five-Color Pond. I didn’t have time to visit that branch, so I chose to continue down toward the exit, stopping at  along the way.",,,,2,3,4,9,8,4,0,8,4,8,1,2026-04-08
Rongjiang,China,https://surl.amap.com/x6Yp0CJfcfY,"That said, like many places in China, Xijiang Village has become somewhat commercialized, and some travelers prefer smaller, more authentic villages such as Langde or . Even so, I still believe Xijiang is one of the most beautiful Miao villages and well worth a visit.",,,,3,3,6,7,4,8,1,7,4,6,1,2026-04-08
Ruyi Peak,China,https://surl.amap.com/1aEngHyl1t2AM,"If there's one thing I recommend you do when you are in Yangshuo, it is to go and explore , where you can take a cable car up to one of the highest karst mountains in the area and enjoy a 360° panoramic view while being surrounded by hundreds of other karst peaks. Out of all the places I visited when I was in Yangshuo, this is my favorite.",,,,5,5,2,10,10,2,0,7,1,7,1,2026-04-08
Sedano Square,China,,"Next up, you can come and visit , a UNESCO World Heritage site that connects many of Macau’s top attractions, including the Ruins of Saint Paul’s and Monte Forte, via a lively shopping street.",,,,5,5,10,5,5,5,5,5,5,5,1,2026-04-08
Seven Star Park,China,https://surl.amap.com/1bsi57zvKgcr,"If you found Elephant Trunk Hill a little too crowded and you would prefer a place that doesn't get as many tourists, you might also want to check out , the largest park in Guilin City, full of hidden hiking trails, unique-looking rock formations, and a beautiful cave to explore. It is the perfect place to escape the crowds in Guilin City.",,,,3,6,2,10,9,0,0,7,2,8,1,2026-04-08
Shangri-La,China,https://surl.amap.com/13M0lR11of4m,"The best place to stay when visiting Yading is the town of , previously known as Riwa and not to be confused with  City in Yunnan. This small town sits right at the entrance of Yading Nature Reserve and offers a good range of accommodation options at various price points. This is where I stayed during my visit. Below are some recommended places to stay:",,,,3,3,4,8,5,7,3,8,7,5,1,2026-04-08
Shangri-La Bus Station,China,https://surl.amap.com/dxJjTuDtbfw,"As I was wrapping up my trip in Shangri-La City in Yunnan, not to be confused with Shangri-La in Sichuan, which is where we’re heading next, I took a taxi to  the day before my departure to buy a bus ticket to Yading. These tickets cannot be booked online unless you’re a local, so make sure to purchase yours in advance to secure a seat on the morning bus.",,,,0,2,4,1,4,4,1,3,7,8,1,2026-04-08
Shangri-La Town,China,https://surl.amap.com/13M0lR11of4m,"From the airport, it takes about two hours to reach , and you will need to arrange a pick-up with your accommodation before you arrive. Do not expect to find buses or taxis waiting at the airport due to how remote it is. A taxi from the airport to  typically costs around 400 CNY per car.",,,,1,0,4,0,0,1,0,1,4,9,1,2026-04-08
Shaxi Ancient Village,China,https://surl.amap.com/FymbZmJa6mf,"I would recommend staying at least 2 nights, giving you one full day to explore. If you want to relax more and take a day trip to visit , consider staying 3 nights and 2 days, or even spending a night in Shaxi to fully immerse yourself in the village.",,,,2,2,4,7,6,3,0,7,0,2,1,2026-04-08
Shudu Lake,China,https://surl.amap.com/KfgFns91d6pX,"The second stop is one of the park’s most stunning features, which is , an alpine lake perched at around 3,705 m above sea level. The lake is surrounded by raised wooden boardwalks that you can stroll around and enjoy the peaceful nature and mountain views.",,,,7,8,2,10,7,1,0,10,1,8,1,2026-04-08
Shui'edi Pier,China,https://surl.amap.com/1uhwheVt95g,"Another fun activity you can do in Yangshuo is to hire a Bamboo Raft and explore the Yulong River, which is smaller than the Li River and a bit more peaceful. There are several routes you can take but the most popular one is from  to Gongnong Bridge, which I recommend you do.",,,,2,6,4,10,8,0,0,7,1,7,1,2026-04-08
Shuzheng Village,China,https://surl.amap.com/qG5MmCN1n09X,"If you are looking for a place to stop and take a break, you can get off at , a traditional Tibetan-Qiang village with more than 400 local residents. Here, you will see many beautiful buildings highlighting the unique wooden Tibetan architectural style, colorful decorations, and religious touches.",,,,3,4,2,5,2,10,1,6,2,5,1,2026-04-08
Sifang Street Square,China,https://surl.amap.com/3gje5m0kfLT,"As I mentioned earlier, one of the coolest traditions of the Naxi people that you can experience while here is the Bonfire dance ritual which often takes place at  around 6:30 PM to 7 PM every day.

If you time your visit to coincide with the evening gatherings, it is a unique opportunity to experience the warmth, rhythm, and traditions of Shangri-La firsthand that you can't find anywhere else in China but here, so be sure to come and check out  and Moonlight Square after sundown.",,,,6,4,6,5,4,8,6,6,5,4,2,2026-04-08
Sik Sik Yuen Wong Tai Sin Temple,China,,"Once that is done, you can continue on to one of the most sacred temples you can visit in Hong Kong, which is , a large and highly revered temple where you’ll see both worshippers and tourists seeking blessings for health, fortune, and success.",,,,0,3,2,1,4,10,0,5,6,9,1,2026-04-08
Snow Bridge,China,https://surl.amap.com/1870pgFa4ER,"One of my favorite bridges here is , which is located right next to Nanhua Bridge. It is one of the most recognizable landmarks here with its beautiful arch design and the 2-level pavilion that you can also climb for a great viewpoint over the river. This is also a good place to watch the town light up if you do not want to climb up Nanhua Bridge.",,,,6,6,2,10,7,4,0,8,0,8,1,2026-04-08
Songzanlin Monastery,China,https://surl.amap.com/r55Pdgp1x6e0,"is probably one of the most famous landmarks in Shangri-La and it is one of my favorite places in the city. This beautiful monastery sits about 5 km north from Shangri-La at an elevation of roughly 3,380 meters and it is considered the largest Tibetan Buddhist monastery in Yunnan, so much so that some people often refer to it as the ""Little Potala Palace"". This is as close to Tibet as you can get without having to go on an expensive organized tour.",,,,5,5,2,4,5,10,1,9,8,8,1,2026-04-08
Songzanlin Monastery Ticket Office,China,https://surl.amap.com/2MqNbv71k6D8,"To get here, you will first have to take a Didi taxi to the  and then you can get the ticket at the ticket office for 75 CNY per person. The ticket should also include the shuttle bus taking you to and from the monastery entrance. Once you have the ticket, you can proceed to the shuttle bus and it will take you there in 10 minutes.",,,,0,1,4,0,0,1,0,1,7,10,1,2026-04-08
South Gate,China,https://surl.amap.com/w6svVAsM4jP,"I highly recommend visiting Dali Ancient Town at night, when the streets come alive with both locals and travelers gathering to eat, shop, and enjoy the lively atmosphere. If you are looking for something to eat, the street in front of the  turns into a street food haven, with both sides lined with food carts. I often take an evening walk here to enjoy dinner and soak in the vibrant atmosphere.",,,,4,4,6,5,3,8,8,10,5,4,1,2026-04-08
St. Dominic's Church,China,,"You can go for a stroll and explore the surrounding streets which should lead to other tourist attractions in the area like , a stunning pastel-yellow Baroque-style church, Cathedral of the Nativity of Our Lady, and more.",,,,6,7,6,7,4,10,1,10,5,5,1,2026-04-08
Sun and Moon Pagodas,China,https://surl.amap.com/1bR5SvTv1t3i4,"For those who decide to stop at Guilin City, I highly recommend you go and visit , also known as the Twin Pagodas, one of Guilin’s most iconic landmarks. Located in the middle of Shanhu (Shan Lake), right in the heart of the city, the pagodas are especially beautiful at night when they are illuminated and reflected on the still lake surface.",,,,6,6,0,10,5,10,0,8,1,6,1,2026-04-08
Swan Lake,China,https://surl.amap.com/pQ3BHQ11k1lH,"To help you navigate Jiuzhaigou easily, I will list the best places to visit in the order I explored them, starting from the right-hand side of the Y, which is how the park is laid out with the entrance at the bottom. The shuttle bus takes you from the bottom of the Y to one of the branches, and a friend of mine recommended starting with the right branch over the left because there are more attractions to see there, beginning at the top with .

Either way, the bus will first take you to the central station, and then continue to the end of that branch without any stops. I recommend starting from the right branch over the left because there are more attractions to see there, beginning at the top with .",,,,1,2,5,5,6,5,0,5,4,8,2,2026-04-08
Tian Tan Buddha,China,,"In the afternoon, you can go and visit one of the most impressive landmarks in Hong Kong, , also known as the Big Buddha. This monumental bronze statue on Lantau Island is about a two-hour metro and cable ride from Central, which makes for a great half-day trip.",,,,4,5,2,7,6,10,0,6,0,7,1,2026-04-08
Tianbo Mansion,China,https://surl.amap.com/4ROj3m1Hn1qr,"Unless you plan to stay overnight in the park, you can ignore this stop and continue on for about 10 minutes to the next stop, which is Yangjiajie, where you can hike around a bit and visit places like , etc.

After this stop, the bus will continue for about 10 minutes to the next stop, which is Yangjiajie, where you can hike around a bit and visit places like , etc.",,,,3,4,6,7,6,2,2,6,3,5,2,2026-04-08
Tianfu Square,China,https://surl.amap.com/5mrapk71d5BJ,"is a large open plaza surrounded by government buildings, shopping streets, and cultural sites. At its center stands the iconic Statue of Mao Zedong, surrounded by colorful flower beds and artistic sculptures, all beautifully illuminated by the neon lights of the city.",,,,8,7,2,6,3,10,0,9,3,5,1,2026-04-08
Tianlongbabu Film and Television City,China,https://surl.amap.com/2OWGVvZ1c5gc,"is a large, themed film set and tourist attraction located right next to the Ximatan Cable Car Station to Cangshan Mountain, which makes for a great place to drop by and check out after you are done hiking the mountain. It was originally built for the filming of the famous Jin Yong (Louis Cha) martial arts drama Demi‑Gods and Semi‑Devils.",,,,2,5,2,9,9,7,0,8,3,9,1,2026-04-08
Tianmen Mountain,China,https://surl.amap.com/11rC2E4l1p0,"Now that we are done with the national forest park itself, let's go and check out other Zhangjiajie Attractions starting with , which is located right next to Zhangjiajie City. From Wulingyuan, after you are done with the forest park, I highly recommend you check out of the hotel there, take a taxi to Zhangjiajie City, and spend at least a night or 2 here, so you can explore , and more.

On your second day, you can wake up as early as 6:30 AM and use Didi to get yourself a taxi to Zhangjiajie City, where we will be spending our second day. It should take about 40 minutes to get to the city, and you can head over to your hotel early, drop your bags, and head out to catch a cable car to .",,,,0,2,4,6,6,4,1,6,4,9,2,2026-04-08
Tianmen Temple,China,https://surl.amap.com/4eO5sLzf1eb9o,"You can take the longer route first, which loops around the hill toward  and leads you past several scenic spots, including the Glass Walkways, the suspension bridge, and plenty of stunning viewpoints along the way. Once you arrive at , you can take the open-air cable car to Yunmeng Fairy Peak, enjoy the view from there, take the elevator down, and you will arrive back at the Upper Station.

Last but not least, you haven't seen Tianmen Mountain unless you make your way to , a stunning Buddhist temple located at the summit of Tianmen Mountain where you will find a series of halls, pavilions, and other traditional Buddhist-temple buildings you can explore.",,,,2,5,2,8,8,6,0,6,2,7,2,2026-04-08
Tianxingqiao Scenic Area,China,https://surl.amap.com/T7fIokdTaPk,"After visiting Doupotang Waterfall, take the shuttle bus to , my personal favorite. Unlike the Grand Waterfall, which is all about sheer scale, Tianxingqiao is known for its dramatic karst formations, natural bridges, and clear rivers. The area offers a variety of landscapes and walking trails, which I absolutely love exploring.",,,,4,7,2,10,8,4,0,8,0,8,1,2026-04-08
Tiger Leaping Gorge,China,https://surl.amap.com/waXM0qB1o5Pv,"Last but not least, you can take a day trip to visit  or spend two days hiking along the gorge and staying in villages along the way. I didn’t have time for the full hike and only visited the scenic area on a half-day trip, but it comes highly recommended by my friend who has explored China extensively.

Last but not least, if you are planning to visit Lijiang after, you can go and visit  on your way to Lijiang with this organized shuttle service which departs Shangri-La at 8 AM to Lijiang with an hour stop at .",,,,0,2,4,6,5,0,0,4,0,6,2,2026-04-08
Tsim Sha Tsui,China,,"We will be spending 2 full days in Hong Kong, and so on the first day you arrive, you can leave your bags at the hotel and go explore , a vibrant shopping district filled with casual eateries and eclectic local shops along neon-lit Nathan Road, as well as luxury malls lining nearby Canton Road. The area is also surrounded by many major tourist attractions, making it a great place to begin your journey in Hong Kong.",,,,5,4,6,5,5,8,7,9,6,5,1,2026-04-08
Tuojiang Stepping Stone,China,https://surl.amap.com/eRY8Hr2C2Gw,"Not far from Snow Bridge, you will find the , a unique crossing that connects the two sides of the river with two rows of independent square stone piers. True to its name, crossing the river requires stepping from one stone to the next, with the crystal-clear Tuojiang River flowing beneath your feet, making it both fun and scenic.",,,,7,7,2,10,6,6,1,8,1,7,1,2026-04-08
Victoria Harbour,China,,"Once evening rolls around, come back to  and watch the city lit up in dazzling lights as the sun sets behind the horizon. Hong Kong's skyline is legendary, and there’s no better place to enjoy it than here.",,,,9,4,0,9,4,5,2,9,4,5,1,2026-04-08
Victoria Peak,China,,"On your second day in Hong Kong, start the morning by heading up to  to enjoy the stunning view of the cityscape. You can take a taxi up instead of the tourist tram, and here’s why.",,,,5,5,10,5,5,5,5,5,5,5,1,2026-04-08
Victoria Peak's Lions Pavilion,China,,"Also, skip the Sky Terrace 428. You can easily enjoy the same views for free at , just a short walk from the tram station. The views are just as stunning, and it won’t cost you a thing! For a quieter experience, you can also hike along the Peak Trail to escape the crowds and take in the scenery in peace.",,,,4,3,4,9,8,0,0,9,2,6,1,2026-04-08
Visitor Center,China,https://surl.amap.com/zyzlJaN1sgtc,"One of the first experiences you will witness is the Welcome Wine-Drinking Ceremony, also called ""Twelve Rounds of Welcome Wine"", held at the . It begins around 10:30 AM in the front courtyard. I just so happened to arrive around that time and was able to see the Miao people performing music with traditional instruments and dances in their full attire.",,,,3,5,4,4,6,10,0,7,6,8,1,2026-04-08
Wanshou Wharf,China,https://surl.amap.com/kUT2MBb3eNi,"To go boating along the Tuojiang River, you can book your ticket here under ""Boat ticket."" You can choose a day cruise for 76 CNY or a night cruise for 138 CNY, and board from either the North Gate Wharf or the . The ride takes about 25 minutes. The day cruise runs from 8 AM to 5:50 PM, while the night cruise operates from 6:30 PM to 11 PM.",,,,0,2,2,6,7,1,0,6,9,10,1,2026-04-08
Welcome Pond,China,https://surl.amap.com/Ki29MGJ10e6I,"Right from the start, after hiking through a thick forested area, you will arrive at the , a collection of beautiful pools with crystal-clear water located around 3,230 meters above sea level. This gives you a glimpse of the stunning scenery to come as you continue hiking upward. There is plenty more to see along the way!",,,,4,6,4,10,9,0,0,8,0,6,1,2026-04-08
Wenshu Monastery,China,https://surl.amap.com/3GEY63U1hfQl,"is one of the oldest and most important Buddhist temples in the city, dating back more than 1,400 years to the Sui Dynasty (around 605–617). It has been destroyed and rebuilt in different styles throughout its history, but nowadays, the temple’s architecture is typical of classical Chinese Buddhist temples, with a sequence of halls aligned along a central axis, leading to the main Buddha hall and the sutra library.",,,,2,4,2,0,3,10,0,6,6,8,1,2026-04-08
West Kowloon Station,China,,"From Hong Kong, you can take a high-speed train from  to Guangzhou South Railway Station. It costs around 30 USD and takes a little over an hour. You can book the ticket in advance here.",,,,5,5,10,5,5,5,5,5,5,5,1,2026-04-08
Wulingyuan Bus Station,China,https://surl.amap.com/1V7hCT45bDW,"By Bus: Long-distance buses are another option, especially from nearby provinces and cities like Changsha, Fenghuang, and Chongqing. Buses typically arrive at Zhangjiajie Central Bus Station or , from where taxis or local buses can take you to your accommodation.",,,,0,1,4,0,2,1,1,1,3,8,1,2026-04-08
Xianggong Viewpoint,China,https://surl.amap.com/191xAdVrUaB4,"is one of the most iconic viewpoints along the Li River. From the top, you can see the river bend in a dramatic horseshoe shape, surrounded by countless karst peaks stretching into the distance, and it is one of my favorite viewpoints in Guilin.",,,,6,5,2,9,7,1,0,8,0,7,1,2026-04-08
Xijiang Miao Ethnic Museum,China,https://surl.amap.com/BBPx5THG8aP,"While you are exploring the lower part of the village, you might also want to go and check out , a small local museum located not too far from the Lusheng Field, one of the main squares in the village. The museum consists of several rooms spread out across 2 floors.",,,,3,5,2,3,3,10,0,6,3,8,1,2026-04-08
Xingping,China,https://surl.amap.com/OqmRHJzM6Z2,"Last but not least, I highly recommend you stay 1 night at  as well, which is another ancient city located right next to Yangshuo High-Speed Railway Station, a perfect stop before you leave Guilin. The ancient town in  is really nice and you can hike up to Lao Zhai Shan Hill for sunset, which is hands down one of my favorite viewpoints in Guilin. Below are my recommended accommodations:",,,,4,3,4,10,7,6,0,7,1,5,1,2026-04-08
Xingping Ancient Village,China,https://surl.amap.com/OqmRHJzM6Z2,"Before hiking Lao Zhai Shan Hill, you can also visit , a charming riverside town that feels like stepping back in time. It is famous for its well-preserved old streets, traditional architecture, and stunning views of the Li River winding through karst peaks, unlike Yangshuo, which has been heavily commercialized 😅.",,,,7,6,2,9,5,8,0,8,0,5,1,2026-04-08
Xinnanmen Bus Station,China,https://surl.amap.com/hqKEkMvW5T9,"By Bus: Before the high-speed train, you used to have to take the grueling 8 - 10 hour bus ride from Chengdu to visit Jiuzhaigou. Well, you can still do it today if you are looking to save a bit of money and have time to spare. The buses depart from  or Chadianzi Bus Station and take around 8 to 10 hours, depending on traffic and road conditions. Make sure when you buy your ticket that the bus goes all the way to Jiuzhaigou Valley, not just to Jiuzhaigou County, which is further away. I wouldn't recommend it personally, but at least you know you have the option.",,,,0,0,4,1,6,1,0,2,2,7,1,2026-04-08
Xizhou Ancient Town,China,https://surl.amap.com/uCu7a2N1wf5s,"If you prefer a more rustic feel of an ancient town, yet still want beauty and charm, I highly recommend visiting . You can then compare it with Dali Ancient Town and see which one you like best. Personally, I enjoy  during the day and Dali Ancient Town at night.",,,,1,1,4,3,2,8,3,7,2,5,1,2026-04-08
Yading Airport,China,https://surl.amap.com/PxIaIM9Ua2B,"After the long and winding six-hour drive from Shangri-La in Yunnan to Yading, I decided to fly out to Chengdu instead. Although flying is faster, it comes with its own challenges. There is at least one daily flight between Chengdu and Yading, usually departing around 10:30 AM, but  is about a two-hour drive from Shangri-La Town, so I had to arrange transportation in advance to ensure I made my flight on time.",,,,0,1,6,3,4,3,1,4,4,9,1,2026-04-08
Yading Bus Station,China,https://surl.amap.com/YscJUwNT5kL,"The bus stopped at a small roadside rest stop for a toilet break about an hour before arriving. The toilet is as basic as it gets, just holes in the ground and no doors, so be prepared. There’s also a small fruit stall where you can buy some snacks for the ride. After about 6.5 hours, I arrived at  around 2:30 PM, exhausted but physically intact.

After about 6.5 hours, I arrived at  around 2:30 PM, exhausted but physically intact. I checked into my hotel, and the next day I caught a car-pool taxi at 6:30 AM to the Yading Nature Reserve Ticket Office for about 10 CNY per person. The journey should take about 10 minutes. You should be able to find the car-pool taxi as soon as you step onto the main road, as the drivers are usually trying to fill their cars.",,,,2,3,5,4,6,3,4,7,6,7,2,2026-04-08
Yading Village,China,https://surl.amap.com/LsMOAsx84PK,"You can also stay inside the nature reserve, but accommodation there is much more expensive. Most places are located around , which is about 40 minutes inside the reserve, and you will need to rely on the park’s tourist buses to reach them. I only recommend staying inside the reserve if you plan to spend more than a day hiking in Yading. Here are some recommended options:",,,,2,4,4,9,8,2,1,8,4,6,1,2026-04-08
Yangjia Ancestral Temple,China,https://surl.amap.com/eGUvAV11s6hR,"While you are exploring the winding streets of Fenghuang, be sure to drop by and check out , a beautiful traditional temple located between the East Gate and North Gate, on the northeast side of the old town, beside the river.",,,,5,5,2,9,5,10,0,7,0,6,1,2026-04-08
Yangjiajie,China,https://surl.amap.com/5HTTUaps9FK,"Unless you plan to stay overnight in the park, you can ignore this stop and continue on for about 10 minutes to the next stop, which is , where you can hike around a bit and visit places like Tianbo Mansion, etc.

After this stop, the bus will continue for about 10 minutes to the next stop, which is , where you can hike around a bit and visit places like Tianbo Mansion, etc.",,,,4,4,6,7,7,4,2,6,3,4,2,2026-04-08
Yangshuo,China,https://surl.amap.com/19BHn01Mgdn,"After Guilin City, you can take a cruise to , which is where all the beautiful karst mountains are. You can spend 2-3 nights here and explore the rivers, as well as all its beautiful viewpoints like Ruyi Peak and Xianggong Viewpoint. Below are the recommended accommodations in :",,,,5,6,4,10,8,2,0,8,2,7,1,2026-04-08
Yangshuo West Street,China,https://surl.amap.com/1aCX5rJj1B60T,"Although Yangshuo is highly commercialized and no longer the authentic ancient village it once was, it still has its charm. If you are spending a few nights in town and are looking for lively things to do,  is where all the action happens, with the street lined with shops and restaurants to explore and enjoy.",,,,4,5,6,3,4,8,6,7,5,6,1,2026-04-08
Yinlian Zhuitan Waterfall,China,https://surl.amap.com/ISSbSsK0KD,"Toward the end of the trail, you will come across . While it’s not very large, the volume of water and the proximity you can get, since the walking trail hugs the cliffside above the drop, make it feel even more impressive than the larger Doupotang Waterfall. I personally prefer this one over Doupotang, without a doubt.",,,,4,6,2,10,7,1,0,7,0,6,1,2026-04-08
Youyou Budao Trail,China,https://surl.amap.com/JYrUYN71igPP,"There are three main stops inside the park, with the first being the , a riverside walking path. While it may not feature any major attractions, it is a peaceful way to escape the crowds and offers the chance to spot yaks and horses along the route.",,,,4,7,4,10,8,2,1,10,3,6,1,2026-04-08
Yuanjiajie Mountain,China,https://surl.amap.com/4uE84BiN1c3vg,"After exploring Yangjiajie, you can take another shuttle bus to , which is arguably the most scenic area of the park and offers much more to see and do compared to other parts. If you are short on time, you could even skip Tianzi and Yangjiajie altogether and focus solely on .",,,,1,3,4,9,7,4,0,7,2,8,1,2026-04-08
Yulong Snow Mountain,China,https://surl.amap.com/G1M4mV1s2o1,"Let's start with one of the most epic attractions and one of my personal favorites, , also known as Jade Dragon Snow Mountain. Rising to 5,596 meters, it is one of Yunnan's most iconic natural landmarks, and its dramatic peak can often be seen from Lijiang on a clear day.",,,,4,7,2,10,10,3,0,7,1,8,1,2026-04-08
Yunmeng Fairy Peak,China,https://surl.amap.com/315yJBz1i5Nu,"You can take the longer route first, which loops around the hill toward Tianmen Temple and leads you past several scenic spots, including the Glass Walkways, the suspension bridge, and plenty of stunning viewpoints along the way. Once you arrive at Tianmen Temple, you can take the open-air cable car to , enjoy the view from there, take the elevator down, and you will arrive back at the Upper Station.

The highest point on Tianmen Mountain is , which rises to 1,518.6 meters above sea level. This makes it a perfect vantage point to take in the entire upper part of Tianmen Mountain, and it is definitely an amazing spot to visit.",,,,4,6,3,10,9,2,0,8,1,8,2,2026-04-08
Zhaguanbeng,China,https://surl.amap.com/4hg8IS1n1ME,"The journey took about 45 minutes, passing through Yading Village and ending at . From there, I walked about 20 minutes to reach Chonggu Grasslands and the temple, where you will find a beautiful Tibetan temple and a hiking trail leading to Pearl Lake, another scenic attraction.",,,,4,5,2,9,8,9,0,6,0,5,1,2026-04-08
Zhangjiajie Central Bus Station,China,https://surl.amap.com/8XLn5tb1A2tf,"By Bus: Long-distance buses are another option, especially from nearby provinces and cities like Changsha, Fenghuang, and Chongqing. Buses typically arrive at  or Wulingyuan Bus Station, from where taxis or local buses can take you to your accommodation.",,,,0,1,4,0,3,2,1,1,3,8,1,2026-04-08
Zhangjiajie Hehua Airport,China,https://surl.amap.com/7g7S8zxWdET,"By Air: The fastest way is by flying into , which has direct flights from cities such as Beijing, Shanghai, Guangzhou, Chengdu, and Changsha. From the airport, it takes around 30–40 minutes by taxi or shuttle bus to reach Zhangjiajie City or Wulingyuan, the town closest to Zhangjiajie National Forest Park.",,,,0,2,4,4,5,5,1,5,6,10,1,2026-04-08
Zhangjiajie West Railway Station,China,https://surl.amap.com/8QeGARDPdFZ,"By Train: For those who prefer traveling by train,  connects the city to several major cities, including Changsha, Chongqing, and Guangzhou. High-speed trains from Changsha usually take around 4–5 hours. From the train station, local buses or taxis can take you to Wulingyuan or the city center. You can book the train here.",,,,0,1,4,0,1,2,0,1,4,9,1,2026-04-08
Zhengyan Pools,China,https://surl.amap.com/NK9iLipJ8NT,"As you continue up the mountain, you will come across the , a collection of over 658 colorful pools situated at an altitude of 3,454 meters. It is the second-largest pool cluster in Huanglong Valley and one of my favorites, with its stunning orange-colored travertine contrasting perfectly against the snowy forest and mountains in the background. Be sure to stop here and take photos before continuing!",,,,8,7,2,10,5,3,0,9,3,6,1,2026-04-08
bus station,China,https://surl.amap.com/dxJjTuDtbfw,"From Yunnan's Shangri-La City, you will have to go to the  the day prior to get the physical ticket. There should be 2 buses leaving in the morning and the afternoon, and it should cost around 148 CNY. I got the one at 8:20 AM, but there should also be one at around 2 PM.",,,,0,0,6,0,0,2,1,1,4,6,1,2026-04-08
bus stop,China,https://surl.amap.com/unpaPyBhdLm,"Since Huanglong is best visited together with Jiuzhaigou as part of a two-day, one-night trip, and there is no accommodation near Huanglong itself, I suggest staying overnight in Jiuzhaigou. If you spend the first day exploring Huanglong, you can take a shuttle bus to Jiuzhaigou, which will drop you off at a  near the hotels. Here are some recommended accommodations in Jiuzhaigou:

You will be dropped off at a  located right next to the entrance of Jiuzhaigou Scenic Area. Most of the hotels I recommend are in this area as well, so you can check in first and it is only a few minutes’ walk to the park entrance.",,,,2,2,5,6,4,4,2,7,4,8,2,2026-04-08
bus stop located here,China,https://surl.amap.com/x5WsOi51q56m,"By Scenic Buses: For day trips to Potatso National Park or Balagezong Grand Canyon, you can go with an organized scenic bus which you can book from here. Once you have the bus booked, you will have to go exchange it at the scenic  and they will direct you to the bus you have to take. Very easy and convenient.",,,,1,3,6,5,9,2,0,5,6,10,1,2026-04-08
cable car station,China,https://surl.amap.com/u0py0BWVejH,"Getting there is also very easy, especially if you are already at Zhangjiajie City as you can easily catch a cable car from the  right in the city center, and it will take you about 40 minutes to get to the top. First and foremost, you will have to reserve your ticket first, which will define which route you will have to take to get up there.

One of the highest areas you can explore to acclimatize yourself with the high altitude of Dali is Cangshan Mountain, a majestic mountain range rising over 4,000 meters above sea level, located just west of Dali City. You can easily access it via the .",,,,2,4,3,7,8,1,0,6,4,8,2,2026-04-08
cable car up to Tianzi Mountain,China,https://surl.amap.com/2qwgOJwX193v,"To help you navigate the park more easily, I am going to list everything in the order I visited, so you can follow along as we make our way through the park. We’ll begin by taking the , which you can do right after entering the East Gate of Zhangjiajie Park.",,,,1,3,4,10,8,6,1,6,5,9,1,2026-04-08
catch the boat from here,China,https://surl.amap.com/fUIA0kFb9HF,"By Boat: Another great way to see Fenghuang from a different perspective is via boat on the Tuojiang River. You can admire the beautiful stilt houses, old wooden houses, bridges, and the riverside skyline from the river, which is especially lovely in the late afternoon or at night when lanterns and lights reflect on the water. You should be able to .",,,,8,7,2,10,6,6,0,8,2,6,1,2026-04-08
entrance to the park,China,https://surl.amap.com/v2dUrlvMeSP,"You will be dropped off at the , and you can either begin hiking or take the shuttle bus to get to the cable car up to Huanglong Scenic Area.",,,,5,5,10,5,5,5,5,5,5,5,1,2026-04-08
from Nanhua Bridge,China,https://surl.amap.com/1KwZfTDo98Y,"When I visited, the lights were turned on around 6:30 PM, and I found the best view was , overlooking the entire town. People start gathering here and throughout the town to watch the lights come on, so be sure to be ready when it happens.",,,,4,4,2,7,3,5,1,8,2,4,1,2026-04-08
giant 170-meter long reclining Buddha image,China,https://surl.amap.com/XCs1Nu119b1D,"After you enter the Oriental Buddhist Park, you can walk across the bridge and look up at the mountain to your left and you will find a  carved out of the mountain. I almost missed it because it was a little foggy when I was there, but apparently, it is the largest stone reclining Buddha image in the region.",,,,4,4,2,9,6,8,0,7,0,5,1,2026-04-08
here,China,https://surl.amap.com/DvkdLmFj8jD,"To take the cable car up, you will need to buy a ticket that includes the cable car at its service center. The service center is accessible from the park entrance via a free shuttle bus, which you can catch . The cable car ride up costs 80 CNY, and the ride down costs 40 CNY, in addition to the standard park entrance fee of 170 CNY. Once you arrive at the upper station, you can either walk about 20 minutes or take a quick electric shuttle service for 15 CNY per person to take you to the trailhead to Five-Colored Pool.",,,,0,3,4,7,9,2,0,7,9,10,1,2026-04-08
located here,China,https://surl.amap.com/2tynbjbv1jbKo,"Due to the heavy foot traffic, Elephant Trunk Hill is only accessible from one gate, , and visitors must walk south toward the exit. Make sure you enter through the correct gate. The place is open from 7 AM to 9:30 PM daily, and entry is free as long as you show your passport, so don't forget to bring it with you.

You will likely arrive at the top around the same time, and you will have already seen all the beautiful sights along the way. You can take the cable car down if you prefer, as there is usually no queue at the top. The trailhead is  and you can begin hiking immediately after you arrive. It should take about 2.5 hours before you arrive at the Five-Colored Pool.",,,,1,3,4,7,8,2,0,6,4,8,2,2026-04-08
location here,China,https://surl.amap.com/10t5spD7S4fC,"By E-Scooter: If you want to get around Yangshuo, you can rent an e-scooter for about 50 to 60 CNY per day, usually available until 6 PM when the rental shops close, with a deposit of 200 CNY. I rented mine from one of the local rental spots (), and everything went smoothly.",,,,0,0,6,2,4,1,0,2,3,10,1,2026-04-08
lower station of the Bailong Elevator,China,https://surl.amap.com/4SKwgPTvXctZ,"Once you hike down to the river, make sure you follow the river east so that you will end up near the  and you can take the shuttle bus back to the East Gate. Otherwise, you might end up at the South Gate and you will have to find a bus to take you back to Wulingyuan yourself.",,,,1,0,4,5,4,0,0,5,2,9,1,2026-04-08
man-made waterfall,China,https://surl.amap.com/K5DmnFrz9Q3,"It's not a must-stop, but if you have time to spare and you want to be around peaceful nature, it is worth it. The trail takes about 45 minutes before you arrive at a  where you can catch the shuttle bus to the next stop.",,,,3,5,6,10,7,0,0,9,2,7,1,2026-04-08
pier,China,https://surl.amap.com/19xZVfLD1Bfiw,"The cruise often takes about 6 hours and you can book it in advance here or through your accommodation. The tour should pick you up at 7 or 8 AM at your hotel in Guilin City, and you will be transferred to the , which will take about an hour.",,,,1,0,4,2,4,1,0,4,4,8,1,2026-04-08
place at the corner of Yangshuo West Street,China,https://surl.amap.com/10t5spD7S4fC,"To get to Ruyi Peak, you will first have to rent an e-scooter, which you can do so from the  for about 60 CNY per day. Once you've got your vehicle, you can drive south across the river for about 45 minutes before you arrive at the cable car station at the foot of Ruyi Peak.",,,,0,3,2,8,8,0,0,5,6,9,1,2026-04-08
scenic bus stop located here,China,https://surl.amap.com/x5WsOi51q56m,"To get to and from Potatso National Park, you will need to take the scenic shuttle bus service, which you can book here. The shuttle costs around 243 CNY per person. Once you receive your email receipt, you must exchange it at the , where the staff will direct you to the correct bus to the park. Buses depart from 8:40 AM to 1:00 PM at roughly 30-minute intervals, and return trips from Potatso leave after 1 PM from the same location they drop you off, every 30 minutes.",,,,0,2,4,3,3,1,0,3,10,10,1,2026-04-08
service center,China,https://surl.amap.com/FlS7jbP1a9dV,"To take the cable car up, you will need to buy a ticket that includes the cable car at its . The  is accessible from the park entrance via a free shuttle bus, which you can catch here. The cable car ride up costs 80 CNY, and the ride down costs 40 CNY, in addition to the standard park entrance fee of 170 CNY. Once you arrive at the upper station, you can either walk about 20 minutes or take a quick electric shuttle service for 15 CNY per person to take you to the trailhead to Five-Colored Pool.",,,,0,3,4,7,9,1,0,7,9,10,1,2026-04-08
small shrine,China,https://surl.amap.com/67Fckzz1Bfn5,"After crossing the bridge to the next peak, you’ll find a  where you can pay your respects and enjoy the viewpoints along the walking path that wraps around the sandstone peak. The path forms a loop, allowing you to circle the peak and continue on to the next viewpoint.",,,,4,4,2,10,9,2,0,7,2,6,1,2026-04-08
temple,China,https://surl.amap.com/67Fckzz1Bfn5,"The shuttle bus will drop you off at Tianqiao Bus Stop and from there, you can begin exploring Yuanjiajie Mountain starting with the Greatest Natural Bridge, a rocky natural bridge that connects 2 mountain peaks together. On the peak, you will also find a  where you can pay respect and enjoy all the viewpoints around the area.",,,,3,5,4,10,10,5,1,7,4,7,1,2026-04-08
the Avenue of Stars HK,China,,"You can go and check out , a famous promenade that runs along the Tsim Sha Tsui waterfront which was modeled after the Hollywood Walk of Fame. It celebrates Hong Kong’s rich film industry and honors legendary actors, directors, and filmmakers who have contributed to the city’s cinematic history.",,,,4,5,2,6,4,10,0,7,3,9,1,2026-04-08
the Cotai Strip,China,,"Of course, one of the biggest draws of Macau is its luxurious casinos and larger-than-life entertainment, featuring Las Vegas–style replicas of famous landmarks from around the world but with their own glamorous twists. Most of them are concentrated around , which is where I recommend you visit after sundown.",,,,4,5,2,0,5,10,2,7,6,6,1,2026-04-08
the Giant Prayer Flags,China,https://surl.amap.com/y8qW8kZ4acG,"Another cool attraction in Shangri-La is , located about a 10-minute taxi ride south of Dukezong Ancient Town. If you travel to Shangri-La by train, you may even catch a glimpse of them along the way.",,,,1,3,4,6,6,8,0,6,2,9,1,2026-04-08
the Ruins of Saint Paul's,China,,"On the day of your arrival, you can explore the area around your hotel, get your bearings, and relax before we begin the next day with a visit to one of the finest remnants of the Portuguese presence here, which is , probably the most iconic landmark in the city.",,,,4,4,2,3,6,9,1,8,6,7,1,2026-04-08
the Upper Station,China,https://surl.amap.com/3vNhOTv1wd8T,"After a series of escalators from the Gateway to Heaven, you will arrive at , where the entire mountain opens up to you with countless hiking opportunities, along with plenty of amenities like restaurants, street food stalls, and cafes to keep you fueled and ready for all the adventures ahead.",,,,2,5,4,10,10,5,3,8,6,7,1,2026-04-08
the entry gate,China,https://surl.amap.com/3W41PF5n15dJq,"Route C: For this route, you will be taking the bus both up and down the mountain, and you’ll need to backtrack between the Middle Station and the Upper Station. Essentially, you take the bus to , ride the new cable car up to the Middle Station, explore the area, then continue up to the Upper Station via the escalators. After exploring the Upper Station, you’ll return the same way you came.",,,,0,1,2,6,8,1,0,5,5,8,1,2026-04-08
this bus stop,China,https://surl.amap.com/DvkdLmFj8jD,"If you insist on taking the cable car, you can catch the free shuttle bus from  to the lower station and buy the ticket from there. It should cost about 80 CNY per person going up and 40 CNY per person coming down. From the upper cable car station, you can either walk about 20 minutes or take an e-shuttle for 15 CNY, and it will take you to the trailhead where you can begin the rest of the hike to Five-Colored Pool. After you are done, you can make your way down on foot to see the remaining attractions.

The fare was 51 CNY per person, and the ride took about two hours before arriving at , right next to the Jiuzhaigou entrance. By the time I arrived, it was already 12:35 PM, so I went straight to Jiuzhaigou and spent the next 4-5 hours exploring the park. If you take the 6:15 AM train, you will have 6-7 hours, which is ideal, so you do not have to rush as I did.",,,,0,3,4,6,8,2,0,6,6,8,2,2026-04-08
this spot,China,https://surl.amap.com/1gK3mdXLi6H9,"The hike starts from  shown in the photo above, and you should be able to walk there from Xingping Ancient Village. From the trailhead, the hike should take about 30 minutes without rest up an extremely steep trail.",,,,1,4,2,9,10,4,0,6,3,6,1,2026-04-08
ticket office,China,https://surl.amap.com/1mpndcDvKav6,"The next morning, I woke up around 6 AM and walked to the main road by 6:30 AM to find a taxi to Yading Nature Reserve. After about five minutes, I found a car-pool taxi. The driver asked where I was headed and invited me to hop on with other tourists, and I was on my way to the reserve. The ride took only about 15 minutes and cost 10 CNY per person, dropping us off at the  at the entrance.

The ride took only about 15 minutes and cost 10 CNY per person, dropping us off at the  at the entrance. You do not need to book tickets in advance for Yading, as there is no daily capacity limit. I arrived around the opening time of 7 AM and found no line at the .",,,,0,2,3,4,6,2,2,6,5,7,2,2026-04-08
viewing platform,China,https://surl.amap.com/2X52VPCp12ba6,"After you enter the gate, you can catch the sightseeing shuttle bus and get off at the first stop, which is where you will get an incredible vantage point of the Miao Stockaded Village from this  located on the side of the hill.",,,,4,5,2,10,8,7,1,7,5,8,1,2026-04-08
